<?xml version="1.0" encoding="UTF-8"?>
<project-private xmlns="http://www.netbeans.org/ns/project-private/1">
    <editor-bookmarks xmlns="http://www.netbeans.org/ns/editor-bookmarks/2" lastBookmarkId="0"/>
    <open-files xmlns="http://www.netbeans.org/ns/projectui-open-files/2">
        <group>
            <file>file:/home/alumne/NetBeansProjects/m03ok1/uf5/TiendaAnimales/src/Objetos/Loro.java</file>
            <file>file:/home/alumne/NetBeansProjects/m03ok1/uf5/TiendaAnimales/src/Utilidades/Menu.java</file>
            <file>file:/home/alumne/NetBeansProjects/m03ok1/uf5/TiendaAnimales/src/Objetos/Aves.java</file>
            <file>file:/home/alumne/NetBeansProjects/m03ok1/uf5/TiendaAnimales/src/tiendaanimales/TiendaAnimales.java</file>
            <file>file:/home/alumne/NetBeansProjects/m03ok1/uf5/TiendaAnimales/src/Objetos/Canario.java</file>
            <file>file:/home/alumne/NetBeansProjects/m03ok1/uf5/TiendaAnimales/src/Objetos/Gato.java</file>
            <file>file:/home/alumne/NetBeansProjects/m03ok1/uf5/TiendaAnimales/src/Objetos/Perro.java</file>
            <file>file:/home/alumne/NetBeansProjects/m03ok1/uf5/TiendaAnimales/src/tiendaanimales/Inventario.java</file>
            <file>file:/home/alumne/NetBeansProjects/m03ok1/uf5/TiendaAnimales/src/Objetos/Mascotas.java</file>
        </group>
    </open-files>
</project-private>
